{
    "turnplateArr": [
        {
            "title": "COLORS",
            "data": [
                {
                    "color": "#FF0000",
                    "text": "Red"
                },
                {
                    "color": "#FFFF00",
                    "text": "嘻嘻"
                },
                {
                    "color": "#A4D3EE",
                    "text": "哦哦"
                },
                {
                    "color": "#000000",
                    "text": "黑色的"
                },
                {
                    "color": "#ffffff",
                    "text": "白色的"
                },
                {
                    "color": "#9ACD32",
                    "text": "绿色的"
                }
            ]
        },
        {
            "title": "NAMES",
            "data": [
                {
                    "color": "#FF0000",
                    "text": "白猫"
                },
                {
                    "color": "#A4D3EE",
                    "text": "小黄"
                },
                {
                    "color": "#000000",
                    "text": "黑猫"
                }
            ]
        },
        {
            "title":"ALPHABET",
            "data":[
                
            ]
        },
        {
            "title":"VOWELS",
            "data":[

            ]
        },
        {
            "title":"CONSONANTS",
            "data":[
                
            ]
        },
        {
            "title":"NUMBER 1-10",
            "data":[]
        }
    ],
    "centerRadius": 10,
    "circleX": 450,
    "circleY": 450,
    "radius": 440
}